time,latitude,longitude,pmsl,u_mean,v_mean,uv_mag_mean,taux_mean,tauy_mean,curl,ektrx,ektry
UTC,degrees_north,degrees_east,Mb,m s-1,m s-1,m s-1,N m-2,N m-2,MPa m-1,kg m-1 s-1,kg m-1 s-1
1981-01-16T12:00:00Z,-31.5,285.5,1015.2622,1.4711239,9.522397,10.111832,0.0152477035,0.1804473,-0.12715012,-2374.4834,200.64262
1981-02-15T00:00:00Z,-31.5,285.5,1013.78094,0.64443237,9.5752945,9.908619,0.0036341134,0.1593321,-0.16043213,-2096.631,47.820847
1981-03-16T12:00:00Z,-31.5,285.5,1014.91266,0.9602264,6.919605,7.3594103,0.0087090535,0.09867504,-0.10038343,-1298.4526,114.60135
1981-04-16T00:00:00Z,-31.5,285.5,1015.57764,0.33659568,4.270985,6.142887,0.001639036,0.04693564,-0.021076608,-617.62024,21.567871
1981-05-16T12:00:00Z,-31.5,285.5,1014.77203,2.8469975,2.3997107,7.1021786,0.030422708,0.041345324,-9.83631E-4,-544.058,400.3286
1981-06-16T00:00:00Z,-31.5,285.5,1019.68256,-0.7845375,5.4595814,7.220989,-0.0066375947,0.07745135,-0.051114988,-1019.17267,-87.343285
1981-07-16T12:00:00Z,-31.5,285.5,1020.1816,1.0827343,2.3179705,5.9003177,0.013181286,0.039177343,0.016778147,-515.5298,173.4509
1981-08-16T12:00:00Z,-31.5,285.5,1018.64154,-0.5221626,5.402074,7.2380147,-0.011011449,0.079015024,-0.10030653,-1039.7489,-144.89828
1981-09-16T00:00:00Z,-31.5,285.5,1020.9563,-1.4993565,7.6340775,9.085923,-0.026756153,0.12243207,-0.024161931,-1611.0684,-352.08087
1981-10-16T12:00:00Z,-31.5,285.5,1018.1035,0.2584307,7.1488757,7.9672494,-0.0018420105,0.1073235,-0.048930638,-1412.2566,-24.238787
1981-11-16T00:00:00Z,-31.5,285.5,1017.25305,0.46415693,10.599315,10.859371,0.0062623485,0.18862998,-0.084940754,-2482.1584,82.405464
1981-12-16T12:00:00Z,-31.5,285.5,1015.7072,1.5142559,11.049222,11.318444,0.024697302,0.21312891,-0.097252935,-2804.5369,324.9887
1982-01-16T12:00:00Z,-31.5,285.5,1014.3262,1.5268705,6.5153794,7.610009,0.01537741,0.09014381,-0.1335803,-1186.1912,202.34943
1982-02-15T00:00:00Z,-31.5,285.5,1014.10834,0.08333869,7.158128,7.469577,-0.0016567634,0.092960246,-0.14466763,-1223.2523,-21.801144
1982-03-16T12:00:00Z,-31.5,285.5,1014.56396,0.30527112,6.163753,6.5459056,0.00398044,0.07222788,-0.04999303,-950.4377,52.378117
1982-04-16T00:00:00Z,-31.5,285.5,1016.70026,0.59948736,4.3649397,4.9848523,0.004108999,0.040854435,-0.041395843,-537.59845,54.069805
1982-05-16T12:00:00Z,-31.5,285.5,1015.1129,2.0114114,1.4632043,5.9812436,0.03334386,0.0034796265,-0.020727715,-45.78797,438.7677
1982-06-16T00:00:00Z,-31.5,285.5,1016.09015,1.3433694,0.43429944,6.405692,0.016362255,0.0041893506,0.035944182,-55.127144,215.30888
1982-07-16T12:00:00Z,-31.5,285.5,1015.65985,1.4018811,1.0078238,5.763931,0.028278193,-0.002563356,-0.015273755,33.73088,372.10922
1982-08-16T12:00:00Z,-31.5,285.5,1016.7339,0.95682144,3.0326262,5.9989514,0.017897401,0.02815668,-0.009534851,-370.51022,235.50967
1982-09-16T00:00:00Z,-31.5,285.5,1016.14307,0.64408326,0.6713059,5.298693,0.0051954486,0.010590716,0.063266076,-139.36192,68.366264
1982-10-16T12:00:00Z,-31.5,285.5,1016.5859,0.361343,6.710488,8.272432,-0.001763193,0.09653166,0.017408812,-1270.248,-23.201637
1982-11-16T00:00:00Z,-31.5,285.5,1015.1819,0.73769575,7.8218846,8.455562,0.007282566,0.10764149,0.01157084,-1416.4409,95.830376
1982-12-16T12:00:00Z,-31.5,285.5,1013.7608,0.61674875,7.343268,7.6927905,0.0057382463,0.09831218,-0.0069880565,-1293.6777,75.508865
1983-01-16T12:00:00Z,-31.5,285.5,1012.2064,1.6524507,5.134157,6.2009716,0.019121954,0.055534553,0.10809411,-730.7723,251.62341
1983-02-15T00:00:00Z,-31.5,285.5,1014.37885,0.44175,7.4031363,7.6942477,0.004794439,0.099529676,0.1450021,-1309.6986,63.089424
1983-03-16T12:00:00Z,-31.5,285.5,1013.82635,0.28258443,5.013333,6.160457,3.9054028E-4,0.060367692,0.042324066,-794.371,5.139071
1983-04-16T00:00:00Z,-31.5,285.5,1014.4707,-0.2041559,4.7894654,5.8220744,-3.108089E-4,0.052548803,0.036086205,-691.48315,-4.0898952
1983-05-16T12:00:00Z,-31.5,285.5,1015.4292,0.22202373,3.1717,5.2697334,0.0056011267,0.03008946,0.03167842,-395.94345,73.70453
1983-06-16T00:00:00Z,-31.5,285.5,1018.2138,-0.36847672,0.48188758,5.507325,0.0025309676,0.0018299763,-0.027150244,-24.080431,33.304688
1983-07-16T12:00:00Z,-31.5,285.5,1017.909,1.0950925,2.83333,6.1655545,0.016123742,0.031369805,-0.0048744013,-412.79135,212.1703
1983-08-16T12:00:00Z,-31.5,285.5,1019.0415,0.69802284,-0.050337646,5.9963307,0.009042869,-0.0028072374,0.109862596,36.940086,118.99399
1983-09-16T00:00:00Z,-31.5,285.5,1020.32275,0.49888223,4.685182,6.651543,0.01065624,0.05386603,0.083287194,-708.81635,140.22414
1983-10-16T12:00:00Z,-31.5,285.5,1017.96796,1.3589168,6.1464205,7.2774234,0.01605289,0.07453817,0.13953197,-980.8385,211.23799
1983-11-16T00:00:00Z,-31.5,285.5,1017.63416,1.4364116,7.1713724,7.626937,0.017476916,0.09303093,0.14229593,-1224.1824,229.97656
1983-12-16T12:00:00Z,-31.5,285.5,1015.1193,2.2415297,6.205831,7.1024604,0.023636239,0.0707813,0.11872996,-931.4023,311.0263
1984-01-16T12:00:00Z,-31.5,285.5,1014.4255,2.1568842,6.963839,7.6025825,0.024634609,0.08862817,0.16970702,-1166.2471,324.16376
1984-02-15T12:00:00Z,-31.5,285.5,1013.3988,1.7485886,7.649252,8.349312,0.026405277,0.10434976,0.20553677,-1373.1255,347.46375
1984-03-16T12:00:00Z,-31.5,285.5,1014.4481,0.5774314,4.3751273,5.348678,0.0053404667,0.0397331,0.017717488,-522.8429,70.274536
1984-04-16T00:00:00Z,-31.5,285.5,1017.2061,-0.7797096,4.111701,5.169669,-0.0059278156,0.034369707,-0.025715426,-452.2667,-78.00339
1984-05-16T12:00:00Z,-31.5,285.5,1016.3043,2.65975,3.4807477,7.105441,0.03498005,0.03983296,-0.0054955934,-524.157,460.29813
1984-06-16T00:00:00Z,-31.5,285.5,1018.8144,-0.7595065,1.2919059,4.350408,-0.0022035819,0.009272625,-0.006053339,-122.01731,-28.996658
1984-07-16T12:00:00Z,-31.5,285.5,1015.9713,2.248843,-0.48488286,7.6472826,0.067260005,-0.017895762,0.029061113,235.4881,885.06604
1984-08-16T12:00:00Z,-31.5,285.5,1019.5193,-1.0416002,2.9332383,6.819069,-0.013098007,0.030536778,0.02425783,-401.82965,-172.35504
1984-09-16T00:00:00Z,-31.5,285.5,1017.42346,1.0025333,1.4142022,5.0079875,0.01235541,0.016165482,0.04946405,-212.71956,162.5833
1984-10-16T12:00:00Z,-31.5,285.5,1017.5898,3.1041632,5.507886,7.141076,0.04233785,0.06574261,0.17810266,-865.0988,557.11847
1984-11-16T00:00:00Z,-31.5,285.5,1017.7146,1.6007539,6.1290874,6.820976,0.021858038,0.07954505,0.16181113,-1046.7234,287.6272
1984-12-16T12:00:00Z,-31.5,285.5,1014.74805,1.0491252,6.396369,6.8451633,0.010020647,0.076642856,0.094888166,-1008.5338,131.86044
1985-01-16T12:00:00Z,-31.5,285.5,1014.82947,1.9730308,5.3921623,6.3100643,0.021104204,0.05616248,0.072423495,-739.0351,277.70758
1985-02-15T00:00:00Z,-31.5,285.5,1014.4752,1.0637527,6.501325,6.8706303,0.011129959,0.07691813,0.1018783,-1012.1561,146.45773
1985-03-16T12:00:00Z,-31.5,285.5,1013.64514,0.655355,5.245988,6.5604715,0.006939324,0.05753691,0.047872167,-757.12103,91.3137
1985-04-16T00:00:00Z,-31.5,285.5,1016.85596,-0.28437683,5.7556014,6.322219,-0.0060372604,0.05975202,0.028607424,-786.2694,-79.44356
1985-05-16T12:00:00Z,-31.5,285.5,1017.0098,0.93312633,3.4539928,5.2490554,0.011106648,0.027736034,0.03799554,-364.975,146.15099
1985-06-16T00:00:00Z,-31.5,285.5,1016.81976,-0.31766447,-0.6762797,4.391379,-0.0011320458,-0.0073067574,0.06259756,96.14871,-14.896449
1985-07-16T12:00:00Z,-31.5,285.5,1018.33936,0.32246295,-0.3163192,5.308228,0.0020027328,-0.006719207,0.05149274,88.417206,26.353712
1985-08-16T12:00:00Z,-31.5,285.5,1020.39966,-0.49140453,4.7175775,5.681734,-0.0028393955,0.046258084,-0.030930363,-608.70435,-37.36325
1985-09-16T00:00:00Z,-31.5,285.5,1018.1356,0.61946476,3.6291795,5.2525225,0.0072511714,0.033306085,0.031627864,-438.27063,95.41726
1985-10-16T12:00:00Z,-31.5,285.5,1016.31415,1.153723,3.8215415,5.526895,0.008845834,0.037830375,0.03763856,-497.8052,116.40123
1985-11-16T00:00:00Z,-31.5,285.5,1016.7343,1.5764548,4.8152285,5.8992357,0.013610563,0.049253237,0.05539088,-648.1172,179.0997
1985-12-16T12:00:00Z,-31.5,285.5,1015.8209,1.1901829,5.797532,6.2013507,0.011328409,0.06317495,0.05521104,-831.3113,149.06912
1986-01-16T12:00:00Z,-31.5,285.5,1015.30975,1.7412034,6.825153,7.297332,0.017899338,0.07708787,0.115125924,-1014.3897,235.53516
1986-02-15T00:00:00Z,-31.5,285.5,1014.80835,1.4298935,5.3523045,6.0557666,0.012403034,0.056201704,0.054046508,-739.5512,163.20998
1986-03-16T12:00:00Z,-31.5,285.5,1015.93823,0.38017607,5.644679,5.9793224,0.0035455462,0.054053772,-0.010134036,-711.28687,46.6554
1986-04-16T00:00:00Z,-31.5,285.5,1015.1729,0.8199546,3.1183467,5.1540685,0.010762776,0.022850255,0.043459583,-300.68365,141.62604
1986-05-16T12:00:00Z,-31.5,285.5,1015.2944,1.5346831,1.6308104,5.9469333,0.024383217,0.0049590953,0.056516573,-65.25612,320.8557
1986-06-16T00:00:00Z,-31.5,285.5,1017.15405,0.42613924,1.0978494,4.6461,0.0066922754,0.008548087,0.026135994,-112.483215,88.06282
1986-07-16T12:00:00Z,-31.5,285.5,1019.08765,-1.1615047,1.5876458,5.425755,-0.008733237,0.008270379,0.03770183,-108.82889,-114.91958
1986-08-16T12:00:00Z,-31.5,285.5,1016.65295,0.03275747,0.84043294,4.446596,0.002522721,0.0069235885,0.049950205,-91.106636,33.19617
1986-09-16T00:00:00Z,-31.5,285.5,1018.5134,0.31296515,2.8577025,5.3142247,-5.3309643E-4,0.03019456,0.04286523,-397.32645,-7.01495
1986-10-16T12:00:00Z,-31.5,285.5,1017.9562,1.1822833,3.8854241,5.2001023,0.008426701,0.03657343,0.0041768155,-481.2652,110.8859
1986-11-16T00:00:00Z,-31.5,285.5,1015.905,2.2227762,4.563052,6.2386417,0.022988861,0.04582048,0.09390767,-602.946,302.50757
1986-12-16T12:00:00Z,-31.5,285.5,1014.95013,2.14907,6.8980827,7.438379,0.025046643,0.082590856,0.14639239,-1086.8027,329.58566
1987-01-16T12:00:00Z,-31.5,285.5,1014.3488,2.0435846,6.4875464,7.055474,0.020907963,0.073903434,0.0841332,-972.4861,275.12527
1987-02-15T00:00:00Z,-31.5,285.5,1012.76685,1.1779586,4.5236597,6.307628,0.010480715,0.049560145,0.019902492,-652.15576,137.91443
1987-03-16T12:00:00Z,-31.5,285.5,1013.7385,1.279869,3.3373783,4.8917403,0.011366194,0.032195117,0.047531918,-423.65155,149.56633
1987-04-16T00:00:00Z,-31.5,285.5,1015.55365,-0.33613977,3.980296,4.6423926,-0.0049339607,0.036187015,0.011394729,-476.18042,-64.92538
1987-05-16T12:00:00Z,-31.5,285.5,1016.7951,-0.5014192,1.2011974,5.71753,-0.0050065867,0.010471493,-0.020117477,-137.79308,-65.88105
1987-06-16T00:00:00Z,-31.5,285.5,1018.8445,-0.6363602,3.3021042,5.7316184,-0.0049291635,0.032720577,0.04224093,-430.566,-64.86225
1987-07-16T12:00:00Z,-31.5,285.5,1013.54346,2.3791049,-3.2092946,7.7616363,0.06012116,-0.08981732,0.16304375,1181.895,791.12683
1987-08-16T12:00:00Z,-31.5,285.5,1017.4203,1.018607,0.7925379,5.835451,0.020512829,9.10919E-4,0.0573939,-11.98667,269.92575
1987-09-16T00:00:00Z,-31.5,285.5,1019.1599,0.39210275,4.1023593,6.198967,-6.493417E-4,0.048844162,0.012839759,-642.73425,-8.544606
1987-10-16T12:00:00Z,-31.5,285.5,1017.6158,1.898196,4.750498,7.11341,0.025182122,0.041846853,0.09180436,-550.65753,331.3684
1987-11-16T00:00:00Z,-31.5,285.5,1016.74915,2.049617,6.6764207,7.4315157,0.023112904,0.07760131,0.08938251,-1021.146,304.13983
1987-12-16T12:00:00Z,-31.5,285.5,1015.78174,1.6720803,6.9562044,7.4745564,0.019136706,0.08467882,0.101682,-1114.2781,251.81754
1988-01-16T12:00:00Z,-31.5,285.5,1015.12634,2.047774,6.381463,6.9472084,0.022514367,0.069237724,0.04930882,-911.0906,296.26376
1988-02-15T12:00:00Z,-31.5,285.5,1013.3719,1.029633,5.188953,5.5681047,0.008403024,0.04809207,-0.036222365,-632.8376,110.57434
1988-03-16T12:00:00Z,-31.5,285.5,1014.9581,0.7858446,5.5989633,6.06778,0.006331583,0.054197572,0.008931458,-713.1791,83.31651
1988-04-16T00:00:00Z,-31.5,285.5,1015.58264,-0.10218693,3.620336,4.8469877,-0.0028309394,0.03497078,-0.013809381,-460.17612,-37.25198
1988-05-16T12:00:00Z,-31.5,285.5,1018.29443,-1.772299,2.9913483,4.8056173,-0.015834672,0.030390698,-0.04497662,-399.9074,-208.36649
1988-06-16T00:00:00Z,-31.5,285.5,1019.05164,-0.719704,2.1789224,4.363722,-0.0072793188,0.019152267,-0.0021730405,-252.0223,-95.78765
1988-07-16T12:00:00Z,-31.5,285.5,1019.56036,-0.79173774,-0.21160927,6.3980374,-0.0067873104,-0.009985883,-0.0066497526,131.40298,-89.31337
1988-08-16T12:00:00Z,-31.5,285.5,1018.7928,0.104835555,3.359165,6.7757435,0.0027555642,0.043433066,0.09252225,-571.53033,36.260124
1988-09-16T00:00:00Z,-31.5,285.5,1019.63727,-0.5715784,5.4846244,7.1732802,-0.011333266,0.07042174,0.058474,-926.6709,-149.13304
1988-10-16T12:00:00Z,-31.5,285.5,1018.3466,-0.22097775,8.821059,9.3145275,-0.0011631956,0.13891648,0.20452097,-1827.9846,-15.306346
1988-11-16T00:00:00Z,-31.5,285.5,1017.13776,1.2248081,9.913683,10.48305,0.0188475,0.17561597,0.25601232,-2310.9087,248.01192
1988-12-16T12:00:00Z,-31.5,285.5,1015.84125,1.7101375,8.217732,8.612316,0.022307443,0.11728315,0.2153654,-1543.3143,293.54086
1989-01-16T12:00:00Z,-31.5,285.5,1013.401,1.2267078,7.537788,7.913493,0.011657182,0.10006145,0.103080556,-1316.6962,153.3954
1989-02-15T00:00:00Z,-31.5,285.5,1014.0433,1.3689492,7.0732303,7.3683367,0.015203195,0.08159718,0.11220526,-1073.7272,200.05695
1989-03-16T12:00:00Z,-31.5,285.5,1015.1724,0.5014972,6.1830873,6.6117477,0.0030038576,0.067530036,0.06840127,-888.6193,39.527386
1989-04-16T00:00:00Z,-31.5,285.5,1015.68335,-0.39839095,5.7611837,6.2297373,-0.0028422105,0.056889966,-0.018621117,-748.608,-37.400295
1989-05-16T12:00:00Z,-31.5,285.5,1018.0715,-1.1248038,2.5428956,4.026241,-0.011067875,0.018891854,-0.016135793,-248.59555,-145.64078
1989-06-16T00:00:00Z,-31.5,285.5,1018.4624,-0.81678843,1.701906,4.5493703,-0.007888291,0.012803924,0.020209922,-168.48524,-103.80104
1989-07-16T12:00:00Z,-31.5,285.5,1019.06445,0.2407006,1.1979586,5.439489,0.004025525,0.009655378,0.04074833,-127.05392,52.971382
1989-08-16T12:00:00Z,-31.5,285.5,1020.6362,-1.3234664,3.770483,6.05725,-0.013624984,0.038874716,0.23950452,-511.54755,-179.28946
1989-09-16T00:00:00Z,-31.5,285.5,1019.39655,-0.22480366,5.465057,6.0249686,-0.0049962453,0.05491565,0.06384879,-722.62823,-65.74497
1989-10-16T12:00:00Z,-31.5,285.5,1019.4844,-0.03615291,7.806875,8.329557,-0.007861718,0.10995279,0.32741445,-1446.8551,-103.45136
1989-11-16T00:00:00Z,-31.5,285.5,1017.24097,1.115043,7.418126,8.048579,0.014205696,0.09759171,0.36625826,-1284.1971,186.93098
1989-12-16T12:00:00Z,-31.5,285.5,1017.2553,0.09182663,5.8787045,6.3622828,-0.0015970846,0.063265644,0.4067884,-832.5047,-21.015837
1990-01-16T12:00:00Z,-31.5,285.5,1015.0684,0.8012568,8.058398,8.408005,0.00781266,0.10613133,0.4388438,-1396.569,102.805824
1990-02-15T00:00:00Z,-31.5,285.5,1016.27844,0.45087892,6.310133,6.6430097,0.0070293215,0.07014717,0.18542756,-923.0579,92.49796
1990-03-16T12:00:00Z,-31.5,285.5,1016.2081,-0.2316608,6.870356,7.3613076,-0.0050924453,0.08353709,0.16783546,-1099.2542,-67.01086
1990-04-16T00:00:00Z,-31.5,285.5,1016.5032,-0.29219723,4.647726,5.648336,-0.0037600566,0.045622338,0.14045483,-600.3387,-49.478115
1990-05-16T12:00:00Z,-31.5,285.5,1017.98126,-2.0435767,4.8723655,5.9911137,-0.028891116,0.05716225,0.071190685,-752.1909,-380.1746
1990-06-16T00:00:00Z,-31.5,285.5,1018.8579,-3.2985945,4.87205,6.5515842,-0.042079605,0.061696783,-0.044394914,-811.8603,-553.7203
1990-07-16T12:00:00Z,-31.5,285.5,1020.52686,-2.28871,2.1903808,6.699963,-0.036524072,0.032172784,0.15233968,-423.35767,-480.61572
1990-08-16T12:00:00Z,-31.5,285.5,1019.18536,-0.20632166,2.3288617,5.8575015,0.0015221288,0.019075854,0.2397546,-251.01678,20.029503
1990-09-16T00:00:00Z,-31.5,285.5,1019.6928,-1.119361,3.0605366,6.1243453,-0.021580806,0.037834644,0.06986822,-497.86136,-283.97913
1990-10-16T12:00:00Z,-31.5,285.5,1020.711,0.9414054,4.6066203,6.041138,0.008708741,0.056535877,0.36599568,-743.94855,114.59723
1990-11-16T00:00:00Z,-31.5,285.5,1018.2427,1.7247273,6.2497745,7.1529517,0.02314421,0.086469494,0.4741296,-1137.8413,304.5518
1990-12-16T12:00:00Z,-31.5,285.5,1017.0756,0.9066007,6.317808,7.1245227,0.007705134,0.100682124,0.3779306,-1324.8635,101.3909
1991-01-16T12:00:00Z,-31.5,285.5,1017.3674,1.3135957,7.025186,7.643145,0.013895839,0.09893948,0.5381302,-1301.9323,182.85362
1991-02-15T00:00:00Z,-31.5,285.5,1016.1825,1.1128705,6.46707,7.1485295,0.010361792,0.077612564,0.24116491,-1021.29407,136.34952
1991-03-16T12:00:00Z,-31.5,285.5,1016.2402,0.34879208,4.0993614,5.0357585,0.003673742,0.04022315,0.24855562,-529.29144,48.342316
1991-04-16T00:00:00Z,-31.5,285.5,1016.63525,0.15796028,2.2259817,4.3232527,-0.0017847355,0.019046053,0.12071476,-250.62465,-23.485111
1991-05-16T12:00:00Z,-31.5,285.5,1016.5943,0.25648627,0.40439367,5.043125,0.015139589,3.153615E-4,0.3156061,-4.1498027,199.21997
1991-06-16T00:00:00Z,-31.5,285.5,1017.5563,-0.59493965,0.526542,6.4853535,-0.0011705814,0.0059238863,0.14150336,-77.95168,-15.403535
1991-07-16T12:00:00Z,-31.5,285.5,1019.2933,-0.36153314,1.0923737,4.9606366,-0.007556094,0.0135696735,0.15719709,-178.56165,-99.429695
1991-08-16T12:00:00Z,-31.5,285.5,1020.36615,-0.9625652,2.6431205,4.8818507,-0.011556618,0.038305167,0.12163005,-504.05292,-152.0721
1991-09-16T00:00:00Z,-31.5,285.5,1018.1199,-0.23464882,3.5213463,6.618812,-0.0025359113,0.0440053,0.35169315,-579.06024,-33.36974
1991-10-16T12:00:00Z,-31.5,285.5,1018.3845,-0.17136635,5.478462,6.9136076,-0.00589727,0.071194656,0.18666816,-936.8416,-77.60144
1991-11-16T00:00:00Z,-31.5,285.5,1017.16046,0.4612449,6.4853745,6.8911223,0.0038984085,0.07073425,0.3092179,-930.78314,51.29867
1991-12-16T12:00:00Z,-31.5,285.5,1016.17163,0.25189978,6.609278,6.972778,0.00320135,0.08021158,0.38530204,-1055.4941,42.126167
1992-01-16T12:00:00Z,-31.5,285.5,1014.84875,0.9191357,5.4560027,5.867149,0.008632763,0.056497008,0.18267334,-743.4371,113.59746
1992-02-15T12:00:00Z,-31.5,285.5,1015.69214,0.27031785,6.266572,6.6354203,0.0010027051,0.068547174,0.17075495,-902.0037,13.194471
1992-03-16T12:00:00Z,-31.5,285.5,1014.03625,0.4778262,3.72842,4.6735086,0.0028127139,0.030618485,0.12899944,-402.90482,37.01215
1992-04-16T00:00:00Z,-31.5,285.5,1016.0193,-0.2833546,4.579496,5.4049134,-0.0026614885,0.048004545,0.18732241,-631.68585,-35.022194
1992-05-16T12:00:00Z,-31.5,285.5,1015.8153,1.0028024,0.8780392,4.9522986,0.0061952197,0.008962303,0.1565449,-117.93383,81.522125
1992-06-16T00:00:00Z,-31.5,285.5,1017.09155,1.2837961,2.3419294,5.358103,0.01896328,0.015129549,0.15889582,-199.08786,249.53543
1992-07-16T12:00:00Z,-31.5,285.5,1020.6248,-1.1699973,3.5586052,5.4709578,-0.015188879,0.040150013,0.09729325,-528.32904,-199.86858
1992-08-16T12:00:00Z,-31.5,285.5,1019.4407,-0.37192723,3.1568522,6.4740906,-0.0059572654,0.020310566,0.113350764,-267.2642,-78.390915
1992-09-16T00:00:00Z,-31.5,285.5,1018.4902,-0.4282146,7.037379,7.9199495,-0.008018491,0.117207155,0.22051123,-1542.3143,-105.51432
1992-10-16T12:00:00Z,-31.5,285.5,1019.10474,-1.293702,7.9135513,8.460559,-0.025155386,0.116529696,0.25266534,-1533.3998,-331.0166
1992-11-16T00:00:00Z,-31.5,285.5,1016.38495,-0.08741515,4.7175937,5.54316,-0.0058988323,0.05920795,0.12715219,-779.11005,-77.622
1992-12-16T12:00:00Z,-31.5,285.5,1016.247,-0.10348335,4.854547,5.6510468,-0.0031669685,0.050811518,0.2604512,-668.62244,-41.673744
1993-01-16T12:00:00Z,-31.5,285.5,1015.99835,0.49480736,6.5111513,6.780453,0.005275963,0.07295583,0.27825552,-960.0167,69.425735
1993-02-15T00:00:00Z,-31.5,285.5,1014.91766,0.22505483,5.097561,5.661408,0.0020170372,0.049720336,0.031046554,-654.26373,26.541943
1993-03-16T12:00:00Z,-31.5,285.5,1015.60455,0.05131797,4.232819,4.6769753,4.4908134E-5,0.033014134,0.067228965,-434.42886,0.59094054
1993-04-16T00:00:00Z,-31.5,285.5,1015.46405,-0.6376871,3.1856985,5.268521,-0.0022601911,0.025741585,0.0713584,-338.73032,-29.741573
1993-05-16T12:00:00Z,-31.5,285.5,1018.1565,-0.45540032,1.401651,5.235462,-0.010199069,0.016890071,0.27261415,-222.25435,-134.20828
1993-06-16T00:00:00Z,-31.5,285.5,1017.9621,0.34099147,0.9114181,4.5261254,0.001799794,0.0078039416,0.16986169,-102.69109,23.683266
1993-07-16T12:00:00Z,-31.5,285.5,1020.42084,-1.2531574,3.0394957,5.4168425,-0.014003021,0.03590605,0.07425291,-472.48325,-184.264
1993-08-16T12:00:00Z,-31.5,285.5,1019.546,-0.27910185,3.3312309,5.618169,-0.010533138,0.04915342,0.067838624,-646.8038,-138.60425
1993-09-16T00:00:00Z,-31.5,285.5,1019.344,-0.8101073,4.104445,5.3684173,-0.009526924,0.046123724,0.10498047,-606.93634,-125.36361
1993-10-16T12:00:00Z,-31.5,285.5,1018.4675,-0.28503916,4.4105268,5.2076178,-0.0042160037,0.04250585,0.10053371,-559.32916,-55.477867
1993-11-16T00:00:00Z,-31.5,285.5,1018.7713,-0.4463395,6.4052467,6.918836,-0.007038623,0.07423137,0.34680465,-976.8014,-92.62036
1993-12-16T12:00:00Z,-31.5,285.5,1016.8538,0.39357153,7.2660117,7.8389688,0.0021771912,0.0982854,0.3749521,-1293.3253,28.649387
1994-01-16T12:00:00Z,-31.5,285.5,1015.9889,0.9183999,6.835107,7.195364,0.010044584,0.07725662,0.2883491,-1016.6102,132.17543
1994-02-15T00:00:00Z,-31.5,285.5,1015.7989,-0.0025753863,6.550551,6.9510527,-0.002260071,0.077527955,0.16403952,-1020.1807,-29.739992
1994-03-16T12:00:00Z,-31.5,285.5,1015.9601,0.0014299136,4.9589596,5.4837003,-0.0017136597,0.047785338,0.14894572,-628.80133,-22.549835
1994-04-16T00:00:00Z,-31.5,285.5,1016.4363,-0.44219038,3.512383,5.1386223,-0.0056203217,0.035514556,0.046725605,-467.3316,-73.957115
1994-05-16T12:00:00Z,-31.5,285.5,1017.7543,-0.56872356,2.373738,6.1495805,-0.002127894,0.013668997,0.2708822,-179.86864,-28.000692
1994-06-16T00:00:00Z,-31.5,285.5,1019.49725,0.012669755,1.7484648,5.8118873,-0.008691471,0.031447984,0.3298805,-413.8201,-114.36999
1994-07-16T12:00:00Z,-31.5,285.5,1018.7729,0.6868415,-1.1151977,5.0828013,0.012697009,-0.019292153,0.15172291,253.86304,167.07837
1994-08-16T12:00:00Z,-31.5,285.5,1020.95844,-1.3722805,3.980124,6.1764326,-0.02042888,0.051774118,0.22956997,-681.2892,-268.82108
1994-09-16T00:00:00Z,-31.5,285.5,1019.0848,0.593202,2.6367989,6.4088984,0.0056031747,0.029999917,0.41486457,-394.76517,73.731476
1994-10-16T12:00:00Z,-31.5,285.5,1019.00995,0.5195754,2.71875,5.6353054,0.0020486973,0.03503367,0.2664239,-461.0037,26.958553
1994-11-16T00:00:00Z,-31.5,285.5,1019.6998,0.2939642,4.9707875,5.637973,0.0016605787,0.04949787,0.34716868,-651.3363,21.851347
1994-12-16T12:00:00Z,-31.5,285.5,1017.4506,1.2379665,3.9681556,5.7885995,0.013162452,0.047932178,0.43390256,-630.7336,173.20306
1995-01-16T12:00:00Z,-31.5,285.5,1016.7062,0.3745718,6.0646696,6.482541,0.0034047477,0.06447965,0.29471838,-848.4797,44.80265
1995-02-15T00:00:00Z,-31.5,285.5,1017.11993,0.1988504,3.8191864,5.204512,0.005188354,0.04380233,0.21998398,-576.3894,68.2729
1995-03-16T12:00:00Z,-31.5,285.5,1017.1036,-0.3985876,4.438743,5.546288,-0.005480146,0.048636887,0.18426391,-640.0067,-72.11256
1995-04-16T00:00:00Z,-31.5,285.5,1016.2024,0.2942676,1.8646549,5.4181814,0.0021544977,0.025455171,0.24220943,-334.96143,28.350767
1995-05-16T12:00:00Z,-31.5,285.5,1018.5666,-0.38268876,3.2520125,4.5718637,-0.002984131,0.029263664,0.11794445,-385.0769,-39.267807
1995-06-16T00:00:00Z,-31.5,285.5,1019.2461,-0.35993835,1.4700367,5.5282507,0.0018905891,0.011048977,0.31063634,-145.39212,24.878027
1995-07-16T12:00:00Z,-31.5,285.5,1020.3264,-0.08659445,0.24370208,5.918522,0.0042519444,-0.0063386066,0.28961608,83.408936,55.950806
1995-08-16T12:00:00Z,-31.5,285.5,1020.6661,-0.39167494,1.1486771,6.30658,-0.006032293,0.0147391865,0.36308682,-193.95113,-79.3782
1995-09-16T00:00:00Z,-31.5,285.5,1020.8205,-0.16349256,4.346101,6.559483,-0.009497491,0.063298665,0.34324723,-832.9393,-124.976295
1995-10-16T12:00:00Z,-31.5,285.5,1020.168,0.033537347,4.3178697,6.2038608,-0.0018827006,0.05548583,0.3680304,-730.1311,-24.774223
1995-11-16T00:00:00Z,-31.5,285.5,1019.1859,0.004161589,4.9711447,6.068223,6.6670927E-4,0.058904104,0.3561595,-775.11176,8.773144
1995-12-16T12:00:00Z,-31.5,285.5,1018.36346,0.69036406,3.8327866,4.9197206,0.007516566,0.033534564,0.2872822,-441.27716,98.90956
1996-01-16T12:00:00Z,-31.5,285.5,1016.9235,0.51431006,4.4682794,5.1722684,0.0052489284,0.04512296,0.27534312,-593.7674,69.06999
1996-02-15T12:00:00Z,-31.5,285.5,1016.5251,0.47454673,5.298885,5.702029,0.0052516563,0.050804205,0.16534296,-668.5262,69.10589
1996-03-16T12:00:00Z,-31.5,285.5,1016.78564,0.1078448,3.7396224,4.8014655,-8.780436E-4,0.034516897,0.08205815,-454.20355,-11.554067
1996-04-16T00:00:00Z,-31.5,285.5,1017.77655,-0.4933149,3.458934,4.9618473,-0.005946744,0.033316422,0.109052785,-438.40665,-78.25246
1996-05-16T12:00:00Z,-31.5,285.5,1019.6983,-0.5466704,3.3746848,5.426479,-0.00760238,0.04036709,0.18369576,-531.1855,-100.03877
1996-06-16T00:00:00Z,-31.5,285.5,1018.4537,-0.67458624,0.2704823,5.91351,-8.189978E-4,-0.02091233,0.14589044,275.18274,-10.77709
1996-07-16T12:00:00Z,-31.5,285.5,1019.0056,-0.27854252,0.3284706,5.2939,0.0021906523,-0.006273215,0.052792836,82.548454,28.82652
1996-08-16T12:00:00Z,-31.5,285.5,1018.9734,1.1397532,-1.4613948,6.7050242,0.021262493,-0.038860597,0.29492286,511.36176,279.7905
1996-09-16T00:00:00Z,-31.5,285.5,1019.86304,-0.76033926,4.884304,7.2616587,-0.016491516,0.07619138,0.32681695,-1002.5929,-217.0098
1996-10-16T12:00:00Z,-31.5,285.5,1020.0603,0.65850496,4.3639927,5.662356,0.006982412,0.048133146,0.21439065,-633.37805,91.88069
1996-11-16T00:00:00Z,-31.5,285.5,1018.9732,0.22376157,5.63895,6.33495,-4.3883792E-4,0.07211441,0.42177036,-948.9445,-5.7746134
1996-12-17T12:00:00Z,-31.5,285.5,1017.0662,-0.60584444,2.6383064,4.6427755,-0.0053936485,0.026582805,0.40709093,-349.79984,-70.97435
1997-01-17T12:00:00Z,-31.5,285.5,1017.4496,-0.7493065,2.2811267,3.7493534,-0.0047989883,0.022199228,0.23754233,-292.11688,-63.14929
1997-02-16T00:00:00Z,-31.5,285.5,1015.4406,-0.8996048,3.9024885,4.7825465,-0.0070015863,0.03782978,0.15578653,-497.79736,-92.133
1997-03-17T12:00:00Z,-31.5,285.5,1015.8803,-0.7921121,2.074767,3.2303236,-0.0044094697,0.015083806,0.094984636,-198.48592,-58.023663
1997-04-17T00:00:00Z,-31.5,285.5,1017.18774,-0.74739385,3.2711267,5.38465,-0.0078174565,0.046172444,0.13551347,-607.57745,-102.868935
1997-05-17T12:00:00Z,-31.5,285.5,1015.1844,-0.023245523,-1.7628973,4.923057,0.0042067766,-0.029176503,0.054163225,383.92996,55.35645
1997-06-17T00:00:00Z,-31.5,285.5,1016.5217,0.6755178,-1.2966204,8.219069,0.015200969,-0.03765127,0.12024569,495.4484,200.02765
1997-07-17T12:00:00Z,-31.5,285.5,1017.7908,-0.2121299,1.6052223,5.5809174,-0.003034233,0.01990034,0.22536075,-261.8661,-39.927097
1997-08-17T12:00:00Z,-31.5,285.5,1018.4751,-1.1560572,3.28693,7.0370464,-0.008609815,0.034853272,0.18212503,-458.62985,-113.29548
1997-09-17T00:00:00Z,-31.5,285.5,1018.26166,-0.4056101,0.45102492,6.2779818,-0.0045495266,0.008983965,0.15743999,-118.21888,-59.866653
1997-10-17T12:00:00Z,-31.5,285.5,1018.93585,0.2747803,0.9205937,5.88253,0.0036813384,-0.0037466348,0.23617756,49.301502,48.442272
1997-11-17T00:00:00Z,-31.5,285.5,1018.7311,-0.61496174,2.9931629,5.2992253,-0.005758563,0.03236654,0.2829841,-425.90726,-75.776215
1997-12-17T12:00:00Z,-31.5,285.5,1016.2873,-0.7135917,3.7341478,5.008652,-0.006913571,0.03917176,0.25095513,-515.4563,-90.97482
1998-01-17T12:00:00Z,-31.5,285.5,1015.27344,-0.73461026,5.443539,5.949625,-0.0093046995,0.06261476,0.379394,-823.9398,-122.439384
1998-02-16T00:00:00Z,-31.5,285.5,1015.671,-0.52843755,3.1498542,4.469053,-0.0035940185,0.026306162,0.06588924,-346.15952,-47.293243
1998-03-17T12:00:00Z,-31.5,285.5,1015.78986,-0.9642626,5.312554,5.970731,-0.011634872,0.05920864,0.20707555,-779.1191,-153.10184
1998-04-17T00:00:00Z,-31.5,285.5,1016.65375,-0.6884512,2.2661824,5.1597514,-0.006500741,0.012997452,0.120505475,-171.03186,-85.54244
1998-05-17T12:00:00Z,-31.5,285.5,1017.04065,0.31388712,-0.15651664,5.758951,0.0041439896,-0.0010777067,0.07354143,14.181408,54.530243
1998-06-17T00:00:00Z,-31.5,285.5,1018.19116,-0.35366684,2.5464602,6.3885055,-0.0031589477,0.02872896,-2.1901059E-4,-378.0408,-41.5682
1998-07-17T12:00:00Z,-31.5,285.5,1020.76263,-0.62013644,3.2420244,6.0842032,-0.006570722,0.04579168,0.20776306,-602.567,-86.46331
1998-08-17T12:00:00Z,-31.5,285.5,1021.78375,-0.28003317,4.8097506,5.8805943,-0.0057268627,0.06206106,0.20644592,-816.65375,-75.35907
1998-09-17T00:00:00Z,-31.5,285.5,1021.19135,0.11066415,3.6323006,5.652258,1.4232588E-4,0.037151225,0.23792116,-488.86835,1.8728485
1998-10-17T12:00:00Z,-31.5,285.5,1019.7848,-0.12807043,7.659611,7.9425516,-0.0045419773,0.10933836,0.41893247,-1438.7698,-59.767315
1998-11-17T00:00:00Z,-31.5,285.5,1019.341,-0.09949071,6.6711745,7.194424,0.0025069194,0.087439716,0.46381262,-1150.6083,32.98824
1998-12-17T12:00:00Z,-31.5,285.5,1018.30444,-0.0818502,7.144436,7.522226,0.0024054234,0.09550679,0.4025546,-1256.762,31.652668
1999-01-17T12:00:00Z,-31.5,285.5,1016.6721,0.17754382,5.0287795,5.671727,0.0018731526,0.05688027,0.12986112,-748.48035,24.64858
1999-02-16T00:00:00Z,-31.5,285.5,1016.1541,0.11925378,4.3304353,5.274545,0.004001001,0.04663488,0.1841717,-613.66254,52.648674
1999-03-17T12:00:00Z,-31.5,285.5,1016.38104,-0.52336633,4.769434,5.850136,-0.00645104,0.05638232,0.18481542,-741.9279,-84.888435
1999-04-17T00:00:00Z,-31.5,285.5,1017.1407,-0.49021786,5.4883227,6.856495,-0.011028753,0.08307076,0.054482743,-1093.1178,-145.12598
1999-05-17T12:00:00Z,-31.5,285.5,1018.296,-0.03023625,3.3066747,6.303501,0.0015939812,0.035604462,0.06750821,-468.51468,20.975
1999-06-17T00:00:00Z,-31.5,285.5,1018.0862,0.3254466,0.5975145,5.4282174,0.0040147323,0.0050667087,0.027134439,-66.67219,52.82936
1999-07-17T12:00:00Z,-31.5,285.5,1021.04694,0.079678446,4.7284393,6.8734136,-0.0063213203,0.076717116,0.12483578,-1009.511,-83.181465
1999-08-17T12:00:00Z,-31.5,285.5,1019.35034,0.3996757,1.3805785,7.8995857,-0.0014482805,0.036277488,0.29204088,-477.37094,-19.057743
1999-09-17T00:00:00Z,-31.5,285.5,1019.8161,0.7415825,2.6435497,7.231644,0.0049887756,0.05038599,0.3856711,-663.02295,65.646675
1999-10-17T12:00:00Z,-31.5,285.5,1019.06744,0.103843436,3.3730063,4.989343,0.0023832922,0.039741047,0.041299395,-522.9475,31.361444
1999-11-17T00:00:00Z,-31.5,285.5,1019.3988,0.06819002,4.975173,6.171073,6.149954E-4,0.070314825,0.25409013,-925.26404,8.0926485
1999-12-17T12:00:00Z,-31.5,285.5,1018.3169,-0.21908575,5.1251955,5.9404263,-0.0036289871,0.058451943,0.06458712,-769.16187,-47.75339
2000-01-17T12:00:00Z,-31.5,285.5,1017.64417,-0.45889962,5.400139,5.874054,-0.0045707915,0.0606262,0.29555413,-797.77264,-60.146477
2000-02-16T12:00:00Z,-31.5,285.5,1018.053,-0.31380245,2.4756837,4.418062,-0.003438211,0.021862863,0.293782,-287.69067,-45.242992
2000-03-17T12:00:00Z,-31.5,285.5,1017.18524,-0.88667405,5.3515053,5.8481297,-0.010779735,0.0625553,0.30569342,-823.15735,-141.84918
2000-04-17T00:00:00Z,-31.5,285.5,1017.16034,-0.32108316,3.7617042,5.1490927,-0.0048615746,0.041566227,0.058784947,-546.9648,-63.972855
2000-05-17T12:00:00Z,-31.5,285.5,1017.60205,-0.20709743,1.9379991,4.3404117,-0.004461245,0.01870149,-0.09228905,-246.09058,-58.704967
2000-06-17T00:00:00Z,-31.5,285.5,1016.7352,3.3689811,-3.749622,7.6468353,0.058338843,-0.085361905,0.089658745,1123.2667,767.6736
2000-07-17T12:00:00Z,-31.5,285.5,1020.4643,-1.4217731,6.7612867,7.6403217,-0.022333512,0.09796617,0.07892805,-1289.1246,-293.8839
2000-08-17T12:00:00Z,-31.5,285.5,1018.2182,-0.5377192,1.2458758,6.1051593,-0.008406084,0.018397182,0.038987126,-242.08623,-110.61462
2000-09-17T00:00:00Z,-31.5,285.5,1018.3786,0.6890311,1.4127433,7.1136346,0.012444236,0.020715754,2.0876456E-4,-272.59604,163.75215
2000-10-17T12:00:00Z,-31.5,285.5,1018.7827,-0.35057527,4.433105,6.5507684,-0.006863433,0.057710223,0.22048002,-759.4016,-90.315056
2000-11-17T00:00:00Z,-31.5,285.5,1018.56415,-0.5166352,6.0487266,6.4408116,-0.0055839773,0.067790106,0.3668631,-892.04156,-73.47886
2000-12-17T12:00:00Z,-31.5,285.5,1017.4483,-0.16442394,6.3919578,6.867217,-0.0033602635,0.083472796,0.3030779,-1098.4081,-44.21729
2001-01-17T12:00:00Z,-31.5,285.5,1017.0351,-0.1675658,3.7176883,4.961484,-0.0025006796,0.035349723,0.30357364,-465.1626,-32.90613
2001-02-16T00:00:00Z,-31.5,285.5,1014.959,-0.12126499,4.5835114,5.228811,-0.0011806592,0.047972098,0.26715788,-631.25885,-15.536147
2001-03-17T12:00:00Z,-31.5,285.5,1015.9207,-0.103901125,4.195305,5.881501,-0.002195401,0.044686735,0.1538273,-588.02716,-28.889008
2001-04-17T00:00:00Z,-31.5,285.5,1017.01306,-0.14313385,4.354602,5.667422,-0.006594508,0.06014304,0.100647844,-791.41473,-86.776306
2001-05-17T12:00:00Z,-31.5,285.5,1017.52985,0.6763911,0.70220596,5.7339816,0.009916717,0.0075795124,0.10974353,-99.73786,130.49284
2001-06-17T00:00:00Z,-31.5,285.5,1020.2887,-0.04498798,4.7457037,6.4390674,-0.0020194193,0.07534588,0.0015519141,-991.46704,-26.573288
2001-07-17T12:00:00Z,-31.5,285.5,1017.8811,1.4315364,-1.4515215,7.7662654,0.032343123,-0.052708082,0.28053236,693.5791,425.59912
2001-08-17T12:00:00Z,-31.5,285.5,1019.3116,0.6513318,0.4957497,7.055882,0.010438433,-0.004038154,0.22118843,53.137566,137.35803
2001-09-17T00:00:00Z,-31.5,285.5,1019.61865,0.012608331,2.4682286,6.559331,-0.0032688095,0.038056433,0.10227984,-500.77988,-43.01386
2001-10-17T12:00:00Z,-31.5,285.5,1018.4758,-0.42876533,4.045997,6.8051467,-0.007379116,0.05461297,0.32631642,-718.64526,-97.10087
2001-11-17T00:00:00Z,-31.5,285.5,1019.577,-0.16753568,5.268792,6.232158,-0.0048100296,0.06457254,0.4717064,-849.702,-63.294582
2001-12-17T12:00:00Z,-31.5,285.5,1016.4177,0.120851636,5.2484007,6.102441,0.0025855661,0.060477063,0.39128533,-795.8101,34.023144
2002-01-17T12:00:00Z,-31.5,285.5,1017.17584,0.071466066,4.738883,5.06004,0.0015299432,0.044915173,0.34228253,-591.03314,20.132332
2002-02-16T00:00:00Z,-31.5,285.5,1016.05865,0.27276257,3.4818692,4.940025,0.0014289755,0.03173033,0.22672382,-417.5355,18.80371
2002-03-17T12:00:00Z,-31.5,285.5,1016.2844,0.13894218,2.7294703,5.565683,0.0023542254,0.022857286,0.4793971,-300.77618,30.978958
2002-04-17T00:00:00Z,-31.5,285.5,1017.16425,-0.69760406,4.737844,6.2877975,-0.012190222,0.06916708,0.10140069,-910.16095,-160.4096
2002-05-17T12:00:00Z,-31.5,285.5,1015.12976,0.8036114,-0.25108454,7.342157,0.016999388,-0.04624362,0.047626626,608.51404,223.69283
2002-06-17T00:00:00Z,-31.5,285.5,1019.014,0.31059366,3.3562722,7.84328,0.0019176198,0.054851707,0.026426183,-721.7868,25.23372
2002-07-17T12:00:00Z,-31.5,285.5,1019.59,0.056003258,3.3218374,7.8463097,0.005514185,0.041814063,-0.046114463,-550.226,72.56047
2002-08-17T12:00:00Z,-31.5,285.5,1018.5662,0.8435286,0.44798005,7.9549,0.014062,-0.0045184563,0.31221083,59.4578,185.04012
2002-09-17T00:00:00Z,-31.5,285.5,1020.1573,-0.35807005,3.8823485,6.4548492,-0.002437034,0.04230041,0.3197426,-556.62585,-32.068626
2002-10-17T12:00:00Z,-31.5,285.5,1017.79236,0.5884984,2.3349612,5.7768006,0.0021375427,0.038862854,0.099027514,-511.39145,28.127659
2002-11-17T00:00:00Z,-31.5,285.5,1018.8977,0.16749424,5.0792375,5.9715385,-0.002899851,0.06578318,0.17701788,-865.6327,-38.15878
2002-12-17T12:00:00Z,-31.5,285.5,1017.9253,0.6260987,4.4359517,5.1895103,0.004517338,0.039763693,0.109013215,-523.2455,59.443085
2003-01-17T12:00:00Z,-31.5,285.5,1017.282,0.64572376,5.533916,6.178388,0.004265575,0.059988353,0.17630611,-789.3793,56.130173
2003-02-16T00:00:00Z,-31.5,285.5,1016.87305,0.20782448,4.9086256,5.382995,-3.6318268E-4,0.044698924,0.18037795,-588.18756,-4.7790756
2003-03-17T12:00:00Z,-31.5,285.5,1016.14307,0.32088014,3.2810864,4.3985586,0.0023757336,0.027040003,0.05806744,-355.81604,31.261982
2003-04-17T00:00:00Z,-31.5,285.5,1017.66235,-0.10084527,3.0860713,4.4197125,-0.0023167548,0.031502973,0.0804337,-414.5437,-30.485888
2003-05-17T12:00:00Z,-31.5,285.5,1017.3818,0.054964766,3.2018068,6.1067295,0.007860467,0.02310188,0.004530124,-303.99475,103.434906
2003-06-17T00:00:00Z,-31.5,285.5,1016.92664,1.4204279,-0.83403206,4.5526853,0.01687398,-0.018020626,0.050509114,237.13118,222.0426
2003-07-17T12:00:00Z,-31.5,285.5,1019.8504,-1.129267,4.502111,6.817408,-0.016639262,0.061746594,0.09359878,-812.51575,-218.95398
2003-08-17T12:00:00Z,-31.5,285.5,1020.88007,-0.6443218,4.889763,6.4685154,-0.015344844,0.07910122,0.25010675,-1040.883,-201.9209
2003-09-17T00:00:00Z,-31.5,285.5,1020.5918,0.32162684,3.736313,6.2709703,7.729215E-4,0.045157272,0.24827221,-594.21893,10.170777
2003-10-17T12:00:00Z,-31.5,285.5,1018.38116,-0.19939186,5.465507,6.6990895,-0.0053756745,0.07067101,0.12248647,-929.951,-70.73783
2003-11-17T00:00:00Z,-31.5,285.5,1017.0249,0.38116494,4.732677,5.69336,0.0029041592,0.046761464,0.27651936,-615.3283,38.21547
2003-12-17T12:00:00Z,-31.5,285.5,1017.6795,-0.35251763,7.4105673,7.576036,-0.007388786,0.09513565,0.10706905,-1251.8782,-97.22811
2004-01-17T12:00:00Z,-31.5,285.5,1016.5232,0.385837,5.2297616,5.8274612,0.0034103324,0.04942866,0.066363685,-650.4256,44.87614
2004-02-16T12:00:00Z,-31.5,285.5,1015.26733,0.19137095,3.8097944,4.779353,0.0013347529,0.04109141,-0.1225971,-540.71674,17.563847
2004-03-17T12:00:00Z,-31.5,285.5,1014.3479,0.47330752,3.871587,5.970614,0.0030304042,0.04321235,0.044338655,-568.6259,39.876713
2004-04-17T00:00:00Z,-31.5,285.5,1016.8262,0.0042514587,3.6642041,5.3407335,-0.0037572153,0.044974823,-0.047942422,-591.8181,-49.440727
2004-05-17T12:00:00Z,-31.5,285.5,1017.4895,0.37241557,3.0021963,4.683045,0.003063628,0.026624935,-0.1260985,-350.3542,40.3139
2004-06-17T00:00:00Z,-31.5,285.5,1019.87274,0.30532822,3.2709658,5.5183187,0.0012565006,0.030522497,0.20067793,-401.64175,16.534136
2004-07-17T12:00:00Z,-31.5,285.5,1018.9905,0.96666723,0.98687416,7.71544,0.019946195,-0.0053914646,0.34444538,70.94561,262.4695
2004-08-17T12:00:00Z,-31.5,285.5,1020.1076,0.22299309,1.7995318,6.2045345,-4.563355E-4,0.024083905,0.033236276,-316.9171,-6.004862
2004-09-17T00:00:00Z,-31.5,285.5,1020.1049,-0.05548051,6.6576686,8.716516,-0.0074133077,0.1081631,0.133001,-1423.3048,-97.55079
2004-10-17T12:00:00Z,-31.5,285.5,1020.0614,0.40370095,5.291266,6.597004,1.8095129E-4,0.060383413,0.24758774,-794.5778,2.3811154
2004-11-17T00:00:00Z,-31.5,285.5,1018.342,0.48298,6.478179,6.860841,0.0017772525,0.077752955,0.03269914,-1023.1415,23.386644
2004-12-17T12:00:00Z,-31.5,285.5,1017.2837,0.24162467,6.7453837,6.952689,-3.1899952E-4,0.0783465,0.16481541,-1030.9518,-4.1976748
2005-01-17T12:00:00Z,-31.5,285.5,1016.96594,0.43520012,7.2651587,7.4995728,0.0031074868,0.08835989,0.1710834,-1162.7168,40.89103
2005-02-16T00:00:00Z,-31.5,285.5,1014.05084,0.96007335,2.672487,4.2621374,0.0056603663,0.027571248,-0.11951323,-362.8066,74.484055
2005-03-17T12:00:00Z,-31.5,285.5,1017.02167,-0.07433335,5.427042,6.409715,-0.0022399519,0.06419456,0.027072843,-844.7282,-29.475248
2005-04-17T00:00:00Z,-31.5,285.5,1017.6599,-0.14400674,5.895137,6.2930493,-0.0032123239,0.062441546,-0.08546902,-821.6605,-42.27057
2005-05-17T12:00:00Z,-31.5,285.5,1018.27734,1.1571727,1.2773076,5.905085,0.018092835,-0.007988151,0.36760616,105.11509,238.08136
2005-06-17T00:00:00Z,-31.5,285.5,1017.99164,0.56610703,1.0059562,5.0399227,0.008432664,-0.003021012,0.18942767,39.75312,110.96438
2005-07-17T12:00:00Z,-31.5,285.5,1020.1418,0.9491576,2.0586195,6.194665,0.009490417,0.015915802,0.06096783,-209.43405,124.88322
2005-08-17T12:00:00Z,-31.5,285.5,1019.6764,1.1637,2.473172,5.9755387,0.015392827,0.015397545,0.16137536,-202.61438,202.55229
2005-09-17T00:00:00Z,-31.5,285.5,1021.77826,0.43477488,5.5661736,6.8525486,7.484179E-4,0.08042663,-0.011608343,-1058.3241,9.848338
2005-10-17T12:00:00Z,-31.5,285.5,1020.3759,0.22971767,6.4243054,7.3701653,-7.1778416E-4,0.08422443,0.01322617,-1108.2988,-9.445232
2005-11-17T00:00:00Z,-31.5,285.5,1018.21014,0.67616534,6.029664,6.4685206,0.0027949603,0.07187769,0.24300888,-945.8295,36.778534
2005-12-17T12:00:00Z,-31.5,285.5,1016.64233,1.1379039,5.0215683,5.442452,0.007727762,0.0461667,0.0670504,-607.50183,101.68866
2006-01-17T12:00:00Z,-31.5,285.5,1015.3812,0.96310705,4.882282,5.357627,0.006560573,0.051501926,0.107370876,-677.70746,86.32976
2006-02-16T00:00:00Z,-31.5,285.5,1015.1477,0.83833003,4.1506248,5.1594305,0.005059373,0.04434543,0.047431245,-583.536,66.57566
2006-03-17T12:00:00Z,-31.5,285.5,1016.50134,0.04868375,6.2230825,6.4237313,-0.0023090758,0.06910435,0.022083193,-909.3356,-30.38484
2006-04-17T00:00:00Z,-31.5,285.5,1016.905,-0.11419427,5.605081,6.7120905,-0.0060829325,0.06993289,-0.099219844,-920.2382,-80.04455
2006-05-17T12:00:00Z,-31.5,285.5,1017.6015,0.26158884,2.3276253,5.044313,0.002963073,0.019574253,-0.031580955,-257.57516,38.99071
2006-06-17T00:00:00Z,-31.5,285.5,1018.63416,1.1284947,0.62341875,5.302376,0.017120726,-0.008200105,0.27539307,107.90417,225.2895
2006-07-17T12:00:00Z,-31.5,285.5,1018.7717,0.9691278,1.4482342,6.0904946,0.015340499,-0.002175747,0.24574418,28.630383,201.86371
2006-08-17T12:00:00Z,-31.5,285.5,1019.038,1.0374749,1.645169,5.6510854,0.008721766,0.021974204,0.05428796,-289.15582,114.76863
2006-09-17T00:00:00Z,-31.5,285.5,1020.0966,-0.13044289,5.6337323,6.2024536,-0.0057489644,0.064878084,0.052208308,-853.7226,-75.6499
2006-10-17T12:00:00Z,-31.5,285.5,1019.5664,-0.051623713,5.855621,6.803381,-0.007250161,0.073475085,0.28472158,-966.8495,-95.40396
2006-11-17T00:00:00Z,-31.5,285.5,1017.7389,0.30875087,7.350176,7.8927565,-0.0013768696,0.104363926,0.023081964,-1373.3119,-18.118055
2006-12-17T12:00:00Z,-31.5,285.5,1017.4517,0.5981347,6.011466,6.88703,0.003923893,0.07061877,0.1792395,-929.2636,51.634018
2007-01-17T12:00:00Z,-31.5,285.5,1015.17596,0.702928,4.030296,4.9533677,0.005363465,0.044739775,0.059617996,-588.72516,70.57716
2007-02-16T00:00:00Z,-31.5,285.5,1016.38885,0.6767127,5.116842,5.4851847,0.0038194957,0.04734632,0.07805918,-623.02435,50.26027
2007-03-17T12:00:00Z,-31.5,285.5,1015.6426,0.6209606,5.779271,6.187495,0.0049959873,0.06328335,-0.11822889,-832.7377,65.74158
2007-04-17T00:00:00Z,-31.5,285.5,1017.3502,0.5081014,2.8800983,6.1199436,0.0012012116,0.03481404,0.040415354,-458.11362,15.806594
2007-05-17T12:00:00Z,-31.5,285.5,1018.56476,0.12140555,4.065591,6.5186286,-0.0011272636,0.0538512,-0.17465794,-708.6212,-14.833522
2007-06-17T00:00:00Z,-31.5,285.5,1020.4205,0.24388458,3.3724241,5.7350907,0.0016830862,0.033280306,0.082299866,-437.9314,22.147522
2007-07-17T12:00:00Z,-31.5,285.5,1022.30304,-0.76953053,5.8078094,6.6705093,-0.016902585,0.07727091,0.15743048,-1016.7983,-222.419
2007-08-17T12:00:00Z,-31.5,285.5,1023.55774,0.15536441,6.3345304,8.055486,-0.0042393543,0.087563306,0.041703794,-1152.2346,-55.785133
2007-09-17T00:00:00Z,-31.5,285.5,1021.25616,0.9013294,3.4684741,5.8284965,0.005680011,0.045181632,0.11806782,-594.5395,74.74256
2007-10-17T12:00:00Z,-31.5,285.5,1020.13245,0.110920854,5.2801228,5.892986,-0.0027740414,0.05864785,0.26705387,-771.73975,-36.503265
2007-11-17T00:00:00Z,-31.5,285.5,1017.92914,0.32320562,7.5189247,7.808022,-5.6620414E-4,0.10024254,0.08212099,-1319.0791,-7.4506097
2007-12-17T12:00:00Z,-31.5,285.5,1017.3512,0.7485927,6.353072,6.620856,0.006198103,0.069988616,0.15562327,-920.9715,81.56007
2008-01-17T12:00:00Z,-31.5,285.5,1015.0704,0.86623,4.936419,5.9332404,0.0056509525,0.059753448,0.07017908,-786.28815,74.360176
2008-02-16T12:00:00Z,-31.5,285.5,1015.79297,0.93505484,4.0493755,4.8444967,0.0065738503,0.03782022,0.013722409,-497.67157,86.50448
2008-03-17T12:00:00Z,-31.5,285.5,1016.0518,0.66406274,4.8294206,5.406621,0.004429347,0.04596162,-0.010089035,-604.8032,58.285225
2008-04-17T00:00:00Z,-31.5,285.5,1016.5598,0.33854008,5.482902,6.1797395,0.0011904108,0.06025602,-0.06356241,-792.9014,15.664468
2008-05-17T12:00:00Z,-31.5,285.5,1018.0227,0.7592307,2.426149,7.1694202,0.015593909,0.006971482,0.23379996,-91.73686,205.1983
2008-06-17T00:00:00Z,-31.5,285.5,1019.7751,0.05273684,3.429677,6.3959594,-0.002632707,0.044701483,-0.053869504,-588.22125,-34.643463
2008-07-17T12:00:00Z,-31.5,285.5,1019.38513,0.93668777,-0.5003032,5.813283,0.012058457,-0.01891499,0.22577415,248.9,158.67574
2008-08-17T12:00:00Z,-31.5,285.5,1020.9687,0.48865864,3.16183,6.544165,9.214118E-4,0.03497467,0.32517022,-460.2273,12.1247425
2008-09-17T00:00:00Z,-31.5,285.5,1020.1807,0.3051284,4.3877416,5.9274955,0.0017424235,0.046737026,-0.055909898,-615.0067,22.928333
2008-10-17T12:00:00Z,-31.5,285.5,1020.8639,0.30344284,7.3578544,7.6934915,8.8274473E-4,0.09682063,-0.0016002594,-1274.0507,11.615928
2008-11-17T00:00:00Z,-31.5,285.5,1018.0338,0.8270084,5.8524146,6.158824,0.006526799,0.059583504,0.12681769,-784.0519,85.88534
2008-12-17T12:00:00Z,-31.5,285.5,1016.7254,1.0032659,5.2029324,5.7272363,0.007345544,0.05404881,0.054289334,-711.22156,96.6591
2009-01-17T12:00:00Z,-31.5,285.5,1016.0682,0.47883216,6.703312,7.002368,0.0035708111,0.08049973,-0.09089523,-1059.2859,46.987858
2009-02-16T00:00:00Z,-31.5,285.5,1015.22144,0.6014866,6.7831163,7.0961986,0.0047520497,0.08867621,-0.05177964,-1166.8792,62.53163
2009-03-17T12:00:00Z,-31.5,285.5,1015.1503,0.24910206,6.7266293,6.891402,0.002048222,0.077427894,-0.14549457,-1018.864,26.9523
2009-04-17T00:00:00Z,-31.5,285.5,1016.0828,-0.122002535,5.3709917,6.209908,-0.0032123092,0.06386555,-0.19773541,-840.3988,-42.27038
2009-05-17T12:00:00Z,-31.5,285.5,1017.65,-0.20689401,3.871832,4.6806,-0.0067348965,0.04572309,0.003372193,-601.6645,-88.623665
2009-06-17T00:00:00Z,-31.5,285.5,1017.7527,0.52655274,1.4786103,6.2912774,0.006620007,0.0130189955,0.05226181,-171.31534,87.11185
2009-07-17T12:00:00Z,-31.5,285.5,1020.32935,0.029901449,3.8457644,6.9361963,-0.005834871,0.054671884,-0.09615583,-719.42053,-76.78034
2009-08-17T12:00:00Z,-31.5,285.5,1019.3325,0.6893219,3.159641,5.9963007,0.011514473,0.020274425,0.26967245,-266.78864,151.51752
2009-09-17T00:00:00Z,-31.5,285.5,1022.21185,-0.27503192,7.1089573,7.550003,-0.007944948,0.098586656,0.06527587,-1297.2896,-104.546585
2009-10-17T12:00:00Z,-31.5,285.5,1018.3907,-1.1198583,4.415649,5.1203346,-0.011705185,0.042610537,0.20918943,-560.7067,-154.02707
2009-11-17T00:00:00Z,-31.5,285.5,1018.7738,-1.2575105,4.177493,5.6496086,-0.011259007,0.041686002,0.46232116,-548.5409,-148.15587
2009-12-17T12:00:00Z,-31.5,285.5,1017.957,0.22651513,4.2410564,4.571681,4.9794256E-4,0.03510084,0.30021608,-461.88757,6.552364
2010-01-17T12:00:00Z,-31.5,285.5,1016.97516,0.31128737,5.1973715,5.5721197,0.0028162398,0.049224522,0.40033355,-647.7394,37.058548
2010-02-16T00:00:00Z,-31.5,285.5,1016.19006,0.8558548,3.234995,4.754403,0.005677136,0.029045818,0.37140116,-382.2103,74.70473
2010-03-17T12:00:00Z,-31.5,285.5,1016.7048,0.6737085,3.5959747,4.4389005,0.004781979,0.032168034,0.1941808,-423.29517,62.92547
2010-04-17T00:00:00Z,-31.5,285.5,1019.0002,0.2264556,4.7966747,5.4527874,9.441473E-4,0.048193958,0.16307768,-634.1783,12.423917
2010-05-17T12:00:00Z,-31.5,285.5,1019.1531,-0.42484406,4.9331656,5.8365593,-0.0053882697,0.053615548,0.18810882,-705.5203,-70.90357
2010-06-17T00:00:00Z,-31.5,285.5,1020.25006,0.9551789,2.7094684,7.326095,0.009052619,0.04904,0.38336617,-645.3113,119.12229
2010-07-17T12:00:00Z,-31.5,285.5,1022.15204,0.38180315,4.029915,7.204329,0.002203913,0.070413895,0.45542789,-926.5677,29.001017
2010-08-17T12:00:00Z,-31.5,285.5,1020.4147,0.14685069,4.4144893,6.8611135,1.3964128E-4,0.067164026,0.6064707,-883.80304,1.8375223
2010-09-17T00:00:00Z,-31.5,285.5,1021.6557,-0.31465796,6.4419956,7.848043,-0.0054847593,0.08755262,0.5622222,-1152.094,-72.17326
2010-10-17T12:00:00Z,-31.5,285.5,1020.4632,0.17326348,6.485977,7.34727,-0.0010036806,0.10442859,0.4351297,-1374.1628,-13.207309
2010-11-17T00:00:00Z,-31.5,285.5,1018.63446,0.44033107,8.907125,9.39749,0.003922343,0.15216516,0.4870955,-2002.3224,51.61362
2010-12-17T12:00:00Z,-31.5,285.5,1017.2356,0.43281323,6.785423,7.000486,5.387867E-4,0.09276138,0.5536066,-1220.6355,7.089827
2011-01-17T12:00:00Z,-31.5,285.5,1015.0196,0.9251848,6.425576,6.9928226,0.00982538,0.08927927,0.39251894,-1174.8148,129.29094
2011-02-16T00:00:00Z,-31.5,285.5,1015.0876,0.9012044,5.103474,5.7562785,0.008076871,0.06265307,0.2818649,-824.444,106.28254
2011-03-17T12:00:00Z,-31.5,285.5,1016.7726,0.17693311,7.158218,7.6117177,1.3411065E-4,0.1049405,0.55145985,-1380.8989,1.7647454
2011-04-17T00:00:00Z,-31.5,285.5,1017.5515,0.07621032,7.3841386,8.793372,-0.0032593112,0.13509697,0.54956406,-1777.7241,-42.88887
2011-05-17T12:00:00Z,-31.5,285.5,1017.2213,-0.38808954,6.189274,7.0169315,-0.0029774306,0.08312892,0.22456695,-1093.8832,-39.179638
2011-06-17T00:00:00Z,-31.5,285.5,1017.9098,0.2918278,2.318722,8.19597,0.0043668086,0.044386346,0.3792987,-584.0744,57.46229
2011-07-17T12:00:00Z,-31.5,285.5,1020.2333,0.24981561,3.077075,6.2295403,9.1240177E-4,0.046015657,0.48577914,-605.5143,12.006181
2011-08-17T12:00:00Z,-31.5,285.5,1020.8932,0.24017785,2.9857512,5.619499,-0.0011659756,0.040570505,0.39588633,-533.86224,-15.342928
2011-09-17T00:00:00Z,-31.5,285.5,1020.9947,-0.51444465,7.9262724,8.69206,-0.016503666,0.14611849,0.75588065,-1922.755,-217.16968
2011-10-17T12:00:00Z,-31.5,285.5,1019.96124,-0.568779,7.149395,7.775193,-0.009954468,0.101638265,0.5293875,-1337.4453,-130.98961
2011-11-17T00:00:00Z,-31.5,285.5,1017.7282,0.19228864,7.7025623,7.949217,-6.939241E-4,0.11318692,0.5115912,-1489.4126,-9.131261
2011-12-17T12:00:00Z,-31.5,285.5,1016.3054,0.9281753,7.3674393,7.563793,0.00970983,0.095710784,0.47376508,-1259.4463,127.77045
2012-01-17T12:00:00Z,-31.5,285.5,1015.4395,0.7389832,2.8637655,4.8015532,0.0059232623,0.032588754,0.274676,-428.83136,77.943474
2012-02-16T12:00:00Z,-31.5,285.5,1014.72034,0.18031624,5.58068,6.9729705,0.0024044733,0.07456752,0.4709137,-981.2247,31.640163
2012-03-17T12:00:00Z,-31.5,285.5,1013.76843,0.465882,6.485692,7.9206057,0.004573749,0.097826265,0.4423962,-1287.2837,60.18539
2012-04-17T00:00:00Z,-31.5,285.5,1017.06024,-0.18875958,6.305196,6.669842,-0.004057065,0.080678485,0.28905064,-1061.6382,-53.386414
2012-05-17T12:00:00Z,-31.5,285.5,1016.43713,0.15258564,3.148017,7.3277183,0.009848534,0.013806206,0.4278594,-181.67415,129.59563
2012-06-17T00:00:00Z,-31.5,285.5,1017.3232,-0.17860721,2.558118,8.228205,-0.009741754,0.06476289,0.3440239,-852.2068,-128.19054
2012-07-17T12:00:00Z,-31.5,285.5,1020.8437,-1.0811248,8.431925,9.150945,-0.020374473,0.14851809,0.6274708,-1954.3309,-268.10516
2012-08-17T12:00:00Z,-31.5,285.5,1020.71625,-0.15688528,4.0479226,7.7978706,-0.0045634108,0.07190308,0.6208202,-946.1637,-60.049355
2012-09-17T00:00:00Z,-31.5,285.5,1020.209,-0.2236871,7.180277,7.573272,-0.0033317313,0.099625185,0.51267505,-1310.9554,-43.84184
2012-10-17T12:00:00Z,-31.5,285.5,1019.599,0.20232865,5.4044437,6.0738616,2.9056348E-4,0.06670984,0.38046986,-877.8265,3.8234885
2012-11-17T00:00:00Z,-31.5,285.5,1017.41327,1.0224066,6.9829116,8.1545925,0.009240464,0.10660244,0.48352695,-1402.7682,121.59412
2012-12-17T12:00:00Z,-31.5,285.5,1015.92596,0.79627365,5.261912,6.680604,0.006376668,0.07683706,0.57048625,-1011.08936,83.909775
2013-01-17T12:00:00Z,-31.5,285.5,1014.66296,0.7342982,5.0466013,5.2678785,0.0075780316,0.048537467,0.25211337,-638.6985,99.718376
2013-02-16T00:00:00Z,-31.5,285.5,1014.6332,0.53907627,5.87971,6.892737,0.005648998,0.07971652,0.4058852,-1048.9797,74.334465
2013-03-17T12:00:00Z,-31.5,285.5,1015.98193,0.030861124,7.863868,7.9584537,2.3134764E-4,0.094230294,0.32640475,-1239.9647,3.0442748
2013-04-17T00:00:00Z,-31.5,285.5,1016.6163,0.12502265,4.5739665,5.767685,-0.0015455007,0.05410225,0.26291656,-711.92474,-20.337051
2013-05-17T12:00:00Z,-31.5,285.5,1018.31836,0.28742075,4.190658,7.649434,0.0033109463,0.06395735,0.29914165,-841.6068,43.56833
2013-06-17T00:00:00Z,-31.5,285.5,1019.63745,-0.222358,6.5787144,7.9243855,-0.007156168,0.0956389,0.3450249,-1258.5004,-94.16712
2013-07-17T12:00:00Z,-31.5,285.5,1019.2314,-0.7246828,4.42277,7.6407657,-0.013318214,0.08203329,0.43227258,-1079.4658,-175.25272
2013-08-17T12:00:00Z,-31.5,285.5,1020.71674,-1.3402567,8.104923,8.562136,-0.027595203,0.14331442,0.6433733,-1885.8566,-363.12186
2013-09-17T00:00:00Z,-31.5,285.5,1020.64233,-0.7331304,7.312461,7.9385037,-0.013986326,0.11691807,0.6134389,-1538.5104,-184.04433
2013-10-17T12:00:00Z,-31.5,285.5,1018.66034,0.14945509,6.957766,7.740512,-0.0016180945,0.101988025,0.407081,-1342.0477,-21.292305
2013-11-17T00:00:00Z,-31.5,285.5,1016.94135,0.034636423,7.868479,8.271371,-5.922656E-4,0.11081456,0.3331101,-1458.195,-7.7935495
2013-12-17T12:00:00Z,-31.5,285.5,1015.286,0.17153625,6.484754,6.7387915,0.0012900344,0.07864945,0.3833793,-1034.9382,16.9754
2014-01-17T12:00:00Z,-31.5,285.5,1014.74524,0.36990178,5.558991,6.4448533,0.0034488242,0.07157444,0.34188026,-941.8392,45.38265
2014-02-16T00:00:00Z,-31.5,285.5,1014.8195,0.5233623,6.983465,7.1561537,0.004488892,0.07783693,0.26924232,-1024.2465,59.06877
2014-03-17T12:00:00Z,-31.5,285.5,1016.1418,-0.019427178,7.1817136,7.332812,-0.001965496,0.08511389,0.22222634,-1120.003,-25.863716
2014-04-17T00:00:00Z,-31.5,285.5,1017.3857,-0.77675486,8.2044115,8.5304785,-0.014285305,0.13554294,0.4651176,-1783.5928,-187.97855
2014-05-17T12:00:00Z,-31.5,285.5,1017.9429,0.45128188,3.6888251,5.5624275,0.002813817,0.03665682,0.18456917,-482.36252,37.02667
2014-06-17T00:00:00Z,-31.5,285.5,1018.4437,0.8167129,3.1758711,6.441651,0.0042784344,0.046199046,0.22989373,-607.9275,56.299385
2014-07-17T12:00:00Z,-31.5,285.5,1019.98846,-0.20767921,4.8825,6.7973924,-0.0118278535,0.08556033,0.34575438,-1125.8777,-155.64125
2014-08-17T12:00:00Z,-31.5,285.5,1018.3267,-0.09460558,4.153401,7.0507393,-0.010934963,0.089641966,0.3974581,-1179.5874,-143.89182
2014-09-17T00:00:00Z,-31.5,285.5,1019.2458,0.4311046,3.7404797,5.8957133,0.0035819341,0.038803652,0.26674196,-510.61243,47.134224
2014-10-17T12:00:00Z,-31.5,285.5,1017.8557,-0.44224715,6.925998,7.356466,-0.008927058,0.09516931,0.5357102,-1252.3212,-117.47005
2014-11-17T00:00:00Z,-31.5,285.5,1018.9998,-0.27158847,8.951156,9.027864,-0.004139998,0.12733027,0.48024613,-1675.5232,-54.47772
2014-12-17T12:00:00Z,-31.5,285.5,1016.8119,0.4450618,7.3813663,7.509555,0.003467871,0.10105791,0.32305238,-1329.8085,45.633286
2015-01-17T12:00:00Z,-31.5,285.5,1015.4169,0.6669923,7.336864,7.4625564,0.007207559,0.08281054,0.27592617,-1089.6936,94.84337
2015-02-16T00:00:00Z,-31.5,285.5,1015.4001,0.51473284,6.269028,7.117818,0.0054325378,0.073432066,0.30371246,-966.2834,71.486084
2015-03-17T12:00:00Z,-31.5,285.5,1014.99255,0.110906005,5.9649677,6.3685403,0.0013307045,0.07050456,0.30177823,-927.76074,17.510576
2015-04-17T00:00:00Z,-31.5,285.5,1015.7678,-0.17180012,6.7154675,6.9574037,-0.0026744213,0.07700063,0.21752726,-1013.24176,-35.192375
2015-05-17T12:00:00Z,-31.5,285.5,1017.8331,-0.2116823,4.870186,5.991624,-0.0040711947,0.054572932,0.2776326,-718.1184,-53.572342
2015-06-17T00:00:00Z,-31.5,285.5,1018.79694,-0.76623863,5.7677617,7.068557,-0.012937183,0.07919884,0.28969797,-1042.1676,-170.23877
2015-07-17T12:00:00Z,-31.5,285.5,1011.3607,0.7564677,3.8995888,5.8227787,0.0052476497,0.047815323,0.17726691,-629.19586,69.05317
2015-08-17T12:00:00Z,-31.5,285.5,1008.872,1.1241045,2.2969654,6.5419817,0.021541188,-0.0017955279,-0.17750765,23.627127,283.4578
2015-09-17T00:00:00Z,-31.5,285.5,1020.58,-0.45134005,5.34156,7.110587,-0.010232212,0.07517246,0.14639704,-989.18506,-134.64441
2015-10-17T12:00:00Z,-31.5,285.5,1009.70654,0.9292869,4.524507,6.2046647,0.006748701,0.0613909,0.29200184,-807.8352,88.80531
2015-11-17T00:00:00Z,-31.5,285.5,1017.39166,0.9047961,6.6891413,7.035014,0.0075804032,0.08776222,0.18312854,-1154.8522,99.74958
2015-12-17T12:00:00Z,-31.5,285.5,1007.25775,0.87619865,7.397214,7.512869,0.009207942,0.08883859,0.24734755,-1169.016,121.16615
2016-01-17T12:00:00Z,-31.5,285.5,1006.8425,0.9356151,4.2322245,4.6122856,0.006524008,0.036545362,0.19978884,-480.89587,85.8486
2016-02-16T12:00:00Z,-31.5,285.5,1014.27124,0.4939355,7.1073184,7.222231,0.0051219473,0.08142177,0.33429715,-1071.419,67.39906
2016-03-17T12:00:00Z,-31.5,285.5,1015.74603,0.5529334,6.736638,6.903802,0.00573313,0.07664983,0.26093167,-1008.62555,75.44154
2016-04-17T00:00:00Z,-31.5,285.5,1016.6155,0.6787133,4.478353,6.216253,0.0043283086,0.053962033,0.260244,-710.07965,56.955673
2016-05-17T12:00:00Z,-31.5,285.5,1008.4176,0.5264601,1.5488937,4.17556,0.0029727092,0.009109052,0.13964446,-119.864876,39.11751
2016-06-17T00:00:00Z,-31.5,285.5,1020.0588,-0.2306664,6.994106,7.37409,-0.0039835484,0.09214823,0.24474284,-1212.567,-52.419018
2016-07-17T12:00:00Z,-31.5,285.5,1018.6179,0.76496744,1.8737543,5.808931,0.019743191,0.010603934,0.30152792,-139.53584,259.7982
2016-08-17T12:00:00Z,-31.5,285.5,1012.08704,-0.5801548,7.3502264,7.821731,-0.011882965,0.115388945,0.33387762,-1518.3888,-156.36646
2016-09-17T00:00:00Z,-31.5,285.5,1010.4074,0.75521183,7.0732074,7.8469634,0.0062923357,0.10559119,0.4913029,-1389.4613,82.800064
2016-10-17T12:00:00Z,-31.5,285.5,1018.2473,0.8245446,6.093069,8.07111,0.009750951,0.09922691,0.3569352,-1305.7145,128.31155
2016-11-17T00:00:00Z,-31.5,285.5,1017.229,0.7863983,7.274574,7.953106,0.0063151657,0.11446424,0.27331194,-1506.2207,83.10048
2016-12-17T12:00:00Z,-31.5,285.5,1016.253,0.9275382,5.7968574,6.423813,0.007980488,0.07542571,0.3231404,-992.51746,105.01425
2017-01-17T12:00:00Z,-31.5,285.5,1015.49646,0.3355342,7.6669374,7.8318877,0.0039268415,0.09921229,0.4585492,-1305.5221,51.672817
2017-02-16T00:00:00Z,-31.5,285.5,1015.06006,0.9204404,5.680906,6.008868,0.009483815,0.061796147,0.20899147,-813.1678,124.79634
2017-03-17T12:00:00Z,-31.5,285.5,1015.64014,0.48392344,6.1908145,6.5688076,0.0023010063,0.08138525,0.2649549,-1070.9384,30.278656
2017-04-17T00:00:00Z,-31.5,285.5,1017.116,0.10347043,6.1796665,6.516771,-0.0019193338,0.078712955,0.23412532,-1035.7739,-25.256275
2017-05-17T12:00:00Z,-31.5,285.5,1017.2028,0.3209602,1.927739,5.554273,0.0040815375,0.014430671,0.014976404,-189.8914,53.708443
2017-06-17T00:00:00Z,-31.5,285.5,1017.6916,0.5334706,2.040121,9.129996,0.018656528,-0.005514267,0.28683308,72.561554,245.49892
2017-07-17T12:00:00Z,-31.5,285.5,1020.445,0.0017777476,6.0125093,7.300224,-0.008589419,0.09791694,0.39779952,-1288.4768,-113.02709
2017-08-17T12:00:00Z,-31.5,285.5,1020.3869,1.2382594,3.232788,6.106413,0.006777875,0.052170772,0.2248021,-686.50867,89.18922
2017-09-17T00:00:00Z,-31.5,285.5,1021.04065,0.11354965,7.037041,7.7367845,-0.006321237,0.12134044,0.5318994,-1596.7037,-83.18037
2017-10-17T12:00:00Z,-31.5,285.5,1019.789,0.84615016,7.013781,7.8617954,0.0071783895,0.105143405,0.36546597,-1383.569,94.45953
2017-11-17T00:00:00Z,-31.5,285.5,1017.6132,0.98034185,7.048216,7.6804876,0.008448798,0.10163026,0.42689735,-1337.34,111.17668
2017-12-17T12:00:00Z,-31.5,285.5,1016.67615,1.4112905,7.058618,7.648478,0.014744888,0.088965,0.58279145,-1170.6793,194.02614
2018-01-17T12:00:00Z,-31.5,285.5,1015.4364,1.1115577,7.1690927,7.401271,0.013598668,0.09069367,0.36147147,-1193.4266,178.94318
2018-02-16T00:00:00Z,-31.5,285.5,1015.6115,0.902926,6.0196304,6.3137436,0.008214295,0.06964205,0.3837077,-916.4111,108.09088
2018-03-17T12:00:00Z,-31.5,285.5,1015.91986,0.76318556,7.129917,7.7028503,0.006144051,0.10324124,0.47646412,-1358.5387,80.8488
2018-04-17T00:00:00Z,-31.5,285.5,1017.63025,0.5837131,4.8538365,6.335471,0.003569851,0.05629952,0.43368268,-740.8384,46.975224
2018-05-17T12:00:00Z,-31.5,285.5,1018.34845,0.012466015,2.9370642,6.4739485,-0.0033599825,0.041954774,0.33394837,-552.07764,-44.213593
2018-06-17T00:00:00Z,-31.5,285.5,1020.52576,0.4886293,6.3435683,7.8365893,0.0037390618,0.08429903,0.36987174,-1109.2804,49.201847
2018-07-17T12:00:00Z,-31.5,285.5,1019.1303,0.7512739,3.1555018,8.407639,0.01436406,0.01719356,0.3996791,-226.24791,189.01488
2018-08-17T12:00:00Z,-31.5,285.5,1020.5064,0.08520677,6.688463,7.4319277,-0.014727348,0.124567874,0.48040038,-1639.1731,-193.79535
2018-09-17T00:00:00Z,-31.5,285.5,1019.1118,0.73749745,5.6628156,6.9645157,0.0031229705,0.08546684,0.505478,-1124.6475,41.09478
2018-10-17T12:00:00Z,-31.5,285.5,1019.65533,0.6981692,6.175794,7.136372,5.9076125E-4,0.0919087,0.4423632,-1209.4152,7.7737536
2018-11-17T00:00:00Z,-31.5,285.5,1017.6322,1.0887451,6.028162,6.979883,0.00843646,0.07789039,0.3775738,-1024.95,111.01433
2018-12-17T12:00:00Z,-31.5,285.5,1016.9931,1.1919318,5.7019043,6.2079897,0.01043096,0.0600826,0.3872187,-790.61945,137.2597
2019-01-17T12:00:00Z,-31.5,285.5,1016.0371,0.7232758,6.317452,6.561685,0.008170511,0.07742338,0.56056505,-1018.8046,107.51473
2019-02-16T00:00:00Z,-31.5,285.5,1014.58545,1.2585274,5.6777453,6.3296356,0.012723555,0.06326136,0.3143266,-832.44836,167.42767
2019-03-17T12:00:00Z,-31.5,285.5,1016.3758,0.8890907,7.470178,7.7440076,0.0078102583,0.100675955,0.5003463,-1324.7823,102.774216
2019-04-17T00:00:00Z,-31.5,285.5,1017.83484,0.22384949,5.4071727,5.7688823,0.0010151453,0.061074678,0.34628606,-803.6741,13.3581705
2019-05-17T12:00:00Z,-31.5,285.5,1017.8432,0.93650275,3.1274536,6.820819,0.009698967,0.038302712,0.23299757,-504.02063,127.6275
2019-06-17T00:00:00Z,-31.5,285.5,1019.1319,1.1906711,2.272091,5.9705467,0.008465213,0.027135544,0.16828904,-357.07324,111.39268
2019-07-17T12:00:00Z,-31.5,285.5,1020.85846,0.4903485,5.1277947,7.2118535,1.1388358E-5,0.07963564,0.43148065,-1047.9155,0.14985798
2019-08-17T12:00:00Z,-31.5,285.5,1021.3141,-0.19229323,7.2770414,8.236217,-0.010941471,0.118230455,0.5656778,-1555.7798,-143.97745
2019-09-17T00:00:00Z,-31.5,285.5,1019.8313,1.1881005,5.232068,6.969199,0.011573264,0.07821486,0.27270052,-1029.2196,152.29114
2019-10-17T12:00:00Z,-31.5,285.5,1019.4747,0.6706667,6.0202923,6.8128295,0.0028464983,0.081946746,0.33091748,-1078.327,37.456715
2019-11-17T00:00:00Z,-31.5,285.5,1017.471,0.51767707,7.392081,7.8921,0.004916321,0.1090906,0.39794824,-1435.5095,64.69325
2019-12-17T12:00:00Z,-31.5,285.5,1016.9785,1.1449008,8.398906,8.5844755,0.014118052,0.115786254,0.5152512,-1523.617,185.7777
2020-01-17T12:00:00Z,-31.5,285.5,1015.9203,0.79227906,5.961082,6.3699374,0.008636458,0.06880233,0.35271785,-905.36127,113.64607
2020-02-16T12:00:00Z,-31.5,285.5,1016.02826,1.083557,6.6730375,6.9748974,0.0096630985,0.078724444,0.426144,-1035.9252,127.15551
2020-03-17T12:00:00Z,-31.5,285.5,1016.33344,0.86811626,5.009112,6.0884066,0.0069580902,0.05368272,0.38523757,-706.4042,91.560646
2020-04-17T00:00:00Z,-31.5,285.5,1017.6785,0.61665165,5.375732,7.128463,0.0049423524,0.07834719,0.3386168,-1030.9609,65.0358
2020-05-17T12:00:00Z,-31.5,285.5,1018.42755,-0.49613953,6.801653,7.4026875,-0.0053340155,0.09980288,0.20393124,-1313.2937,-70.189644
2020-06-17T00:00:00Z,-31.5,285.5,1018.78094,1.7017303,0.87171876,5.429539,0.016067266,0.0057097524,0.08737979,-75.13392,211.42715
2020-07-17T12:00:00Z,-31.5,285.5,1019.8806,0.3446293,3.3675148,6.6289515,-0.0016218533,0.04763268,0.14262435,-626.7925,-21.341766
2020-08-17T12:00:00Z,-31.5,285.5,1020.178,0.49113604,5.001223,8.73199,0.002099978,0.082221635,0.3656643,-1081.9442,27.63335
2020-09-17T00:00:00Z,-31.5,285.5,1020.384,0.2522803,6.9290466,7.7408423,-0.0017158651,0.11291792,0.26201195,-1485.8729,-22.578856
2020-10-17T12:00:00Z,-31.5,285.5,1019.988,0.20274994,8.616482,8.78236,6.937525E-4,0.13036202,0.5063478,-1715.4176,9.129003
2020-11-17T00:00:00Z,-31.5,285.5,1019.19586,0.81987786,7.1015973,7.3524923,0.0070917634,0.096327096,0.29822752,-1267.5563,93.31963
2020-12-17T12:00:00Z,-31.5,285.5,1017.7929,0.79261136,7.768634,7.937372,0.009117025,0.10287164,0.29825315,-1353.6752,119.969795
2021-01-17T12:00:00Z,-31.5,285.5,1016.2555,0.93908894,6.7603245,7.11059,0.009165581,0.07673682,0.15267463,-1009.77026,120.60874
2021-02-16T00:00:00Z,-31.5,285.5,1015.926,0.79528755,5.650056,5.968892,0.0074951854,0.058163628,0.19742931,-765.3679,98.62821
2021-03-17T12:00:00Z,-31.5,285.5,1016.1174,0.77956146,5.3503113,5.943953,0.007323451,0.060254306,0.15819813,-792.8789,96.36838
2021-04-17T00:00:00Z,-31.5,285.5,1016.54626,1.1453798,4.269122,6.5561523,0.016368823,0.04039115,0.20043911,-531.50214,215.39531
2021-05-17T12:00:00Z,-31.5,285.5,1018.7675,-0.15192449,5.3754945,7.210124,-0.003620895,0.079068474,0.14284982,-1040.4521,-47.646908
2021-06-17T00:00:00Z,-31.5,285.5,1019.3169,0.36069128,4.024735,6.040989,0.0010948768,0.049705796,0.17403007,-654.0724,14.407348
2021-07-17T12:00:00Z,-31.5,285.5,1020.1487,0.0779033,7.3052907,8.233157,-0.006402919,0.12627375,0.28424203,-1661.6206,-84.25521
2021-08-17T12:00:00Z,-31.5,285.5,1020.3685,0.94279337,3.3585877,6.019809,0.008765371,0.04353699,0.22958201,-572.8978,115.34242
2021-09-17T00:00:00Z,-31.5,285.5,1020.9701,0.81398183,5.705031,7.311595,0.008260247,0.07680236,0.37357512,-1010.6327,108.695564
2021-10-17T12:00:00Z,-31.5,285.5,1020.08276,0.56235254,7.945108,8.385205,0.0046328236,0.123470925,0.32831118,-1624.7385,60.96275
2021-11-17T00:00:00Z,-31.5,285.5,1018.8489,0.7883206,7.388282,7.665959,0.008047459,0.09946391,0.41195366,-1308.8333,105.89551
2021-12-17T12:00:00Z,-31.5,285.5,1016.36194,0.9479912,4.9819107,5.5551896,0.008714766,0.049607247,0.2706915,-652.7756,114.67652
2022-01-17T12:00:00Z,-31.5,285.5,1016.81244,0.778529,4.8519454,5.2523475,0.0057345005,0.0447826,0.27634963,-589.2887,75.45958
2022-02-16T00:00:00Z,-31.5,285.5,1016.15906,0.8428381,5.285802,5.9445944,0.0072074104,0.05962239,0.15903978,-784.5636,94.841415
2022-03-17T12:00:00Z,-31.5,285.5,1008.4738,0.2176088,7.473897,7.6684866,1.8813097E-4,0.110184856,0.27744788,-1449.9088,2.4755921
2022-04-17T00:00:00Z,-31.5,285.5,1017.7427,0.63131505,6.3267846,7.442192,0.005581141,0.084900156,0.26122192,-1117.1906,73.441536
2022-05-17T12:00:00Z,-31.5,285.5,1018.8485,0.18458936,6.1870637,7.22846,-2.4404842E-5,0.07798219,0.32647464,-1026.1578,-0.3211403
2022-06-17T00:00:00Z,-31.5,285.5,1018.0747,0.4919955,-0.0030338913,6.0994077,0.007039009,-0.0147457225,-0.0159535,194.03712,92.62544
2022-07-17T12:00:00Z,-31.5,285.5,1019.30084,1.2535841,2.1158154,5.708199,0.014917038,0.015303987,0.19299227,-201.38326,196.29144
